"LIBRARYREFERENCE","FOOTPRINT1","FOOTPRINT2","FOOTPRINT3","FOOTPRINT4","AMBIENT_TEMPERATURE_RANGE_HIGH","AMBIENT_TEMPERATURE_RANGE_LOW","ANUNDA_CODE","CLASSNAME","CODE_IPC","CODE_JEDEC","COMMENT","COMPONENTLINK1DESCRIPTION","COMPONENTLINK1URL","DATASHEET","DATASHEETVERSION","DIGI-KEY","DIGIKEY_DESCRIPTION","DIGIKEY_PART_NUMBER","DIGIKEY_PN:","LATESTREVISIONDATE","LATESTREVISIONNOTE","MF","MFG","MFG P/N","MFG_PACKAGE_IDENT","MFR_NAME","MP","MPN","NOTEPAD","PACKAGE","PACKAGEDESCRIPTION","PACKAGEREFERENCE","PACKAGETOPMARKING","PACKAGEVERSION","PACKAGING","PACKING","PART DESCRIPTION","PCB DECAL","PINCOUNT","PINS","POWERWISE","PREFIX","PRICE","PUBLISHED","PUBLISHER","RADIATION HARDENING","RAM_SIZE","REACH SVHC","REFDES","REPLACEMENT","ROHS","ROHSCOMPLIANT","SET POSITION","SIM NOTE","SNAPEDA_LINK","STANDOFF_HEIGHT","SUPPLIER","SUPPLIER 1","SUPPLIER 2","SUPPLIER 3","SUPPLIER 4","SUPPLIER PART NUMBER 1","SUPPLIER PART NUMBER 2","SUPPLIER PART NUMBER 3","SUPPLIER PART NUMBER 4","SUPPLIERSPARTNUMBER","SUPPLY VOLTAGE(VCC) MAX (V)","SUPPLY VOLTAGE(VCC) MIN (V)","SYMBOLNAME_1","SYMBOLNAME_2","TEMPERATURE_RANGE_HIGH","TEMPERATURE_RANGE_LOW","TEXT","TYPE","UNITPRICE","VALUE","VERIFICATION_VERSION","WIDTH","SHEETPART","DESIGNATOR","DESCRIPTION"
"74HC595D_[C5947]","SOIC-16_150mil","","","","","","","","","","74HC595D","","","","","","","","","","","","","","","","","","","SOIC-16_150mil","","","","","","","","","","","","","","","","","","","","","","","","","","","LC","","","","","","","","","C5947","","","","","","","","","","","","","*","U?","74HC595D"
"74LVC1T45GW","SOT363","","","","","","M2037","","","","74LVC1T45","","","","","","","","1727-8054-1-ND","","","","","","","","","","","","","","","","","","","","","","","","","","","","","","","","","","","","","","","","","","","","","","","","","","","","","","","","","","","","*","U?","IC 74LVC1T45GW-W100H Level Translator 6-TSSOP"
"74LVCH2T45DC","VSSOP-8","","","","","","","","","","74LVCH2T45DC","","","","","","","","1727-8054-1-ND","","","","","","","","","","","","","","","","","","","","","","","","","","","","","","","","","","","","","","","","","","","","","","","","","","","","","","","","","","","","*","U?","IC 74LVCH2T45DC-Q100H Level Translator VSSOP-8"
"A7670E","A7670E","","","","","","*","","","","A7670E","","","","","","","","","","","Simcom","","","","","A7607E","","","None","","","","","","","","","","","","","None","","","","","","","","","","","","https://www.snapeda.com/parts/SIM7600E-H/SIMcom%20Wireless%20solutions%20Co.%2CLtd/view-part/2758290/?ref=snap","","","","","","","","","","","","","","","","","","","","","*","","","*","U?","4G LTE Module, SIMCOM A7670E"
"ADR512ARTZ","SOT23_N_2","","","","","","","","","","ADR512ARTZ","","","","","","","","","","","","","","","","","","","","","","","","","","","","","","","","","","","","","","","","","","","","","","","","","","","","","","","","","","","","","","","","","","","","","U?","ADR512ARTZ VRef Shunt Precision 1.2V SOT-23-3"
"ANT_WM16803CT-ND","WM16803CT-ND","","","","","","","","","","WM16803CT-ND","","","","","","","","","","","","","","","","","","","","","","","","","","","","","","","","","","","","","","","","","","","","","","","","","","","","","","","","","","","","","","","","","","","","*","A?","SMD Ant. molex WM16803CT-ND"
"AP7331-SNG","DFN2020-6_HS-7N","","","","","","","","","","AP7331","","","","","","","","","","","","","","","","","","","","","","","","","","","","","","","","","","","","","","","","","","","","","","","","","","","","","","","","","","","","","","","","","","","","*","U?","300mA, LOW QUIESCENT CU  RRENT, FAST TRANSIENT   LOW DROPOUT LINEAR REGULATOR"
"AP7361C","U-DFN3030-8","","","","","","M1966","","","","=Value","","","","","","","","","","","","","","","","","","","","","","","","","","","","","","","","","","","","","","","","","","","","","","","","","","","","","","","","","","","","","","","","","AP7361C-FGE-7","","","*","U?","AP7361C-FGE-7   Low Dropout Adjustable 1A Regulator"
"AT45DB161E","SOIC-8_208mil","","","","","","M1909","","","","AT45DB","","","","","","","","","","","","","","","","","","","","","","","","","","","","","","","","","","","","","","","","","","","","","","","","","","","","","","","","","","","","","","","","","","","","","U?","AT45DB161E-SUD-T Flash Memory 16M, 2.5-3.6V SPI SOIC-8"
"Ant_W3544A","W3544A","","","","","","N2212","","","","W3544A","","","","","","","","","","","","","","","","","","","","","","","","","","","","","","","","","","","","","","","","","","","","","","","","","","","","","","","","","","","","","","","","","","","","*","U?","LTE Antenna (W3544A) 850-900/1710-2170MHz PCB Trace"
"Arduino_CatNB","ADN_NB","","","","","","","","","","ADN_CatM/NB","","","","","","","","","","","","","","","","","","","","","","","","","","","","","","","","","","","","","","","","","","","","","","","","","","","","","","","","","","","","","","","","","","","","*","U?","Arduino Shield Cat.M1/NB"
"BC95","BC95","","","","","","N2123","","","","BC95-G","","","","","","","","","","","","","","","","","","","","","","","","","","*","*","","","","","","","","","","","","","","","","","","","","","","","","","","","","","","","","","","","","","","*","","","","U?","LTE  NB-IoT Module, Model : BC95-G, Quectel"
"BD2242G","SOT-23-6","","","","","","*","","","","=Value","","","","","","","","","","","","Rohm Semiconductor","BD2242G-GTR","","","","","","","","","","","","","","","","","","","","","","","","","","","","","","","","","","","","","","","","","","","","","","","","","","","","BD2242G-GTR","","","*","U?","1ch Adjustable Current Limit High Side Switch ICs, Open-Drain Fault Flag Output,Active-High Control Input Logic,Soft-Start Circuit"
"BD48L32G","SOT23_N_2","","","","","","M2002","","","","=Value","","","","","","","","","","","","","","","","","","","","","","","","","","","","","","","","","","","","","","","","","","","","","","","","","","","","","","","","","","","","","","","","","BD48L32G","","","*","U?","BD48L32G  Voltage Supervisor 3.2V,Open Drain ,Active LOW"
"BD49L33G","SOT23_N_2","","","","","","M2025","","","","=Value","","","","","","","","","","","","","","","","","","","","","","","","","","","","","","","","","","","","","","","","","","","","","","","","","","","","","","","","","","","","","","","","","BD49L33G","","","*","U?","IC BD49L33G-TL Power Management 1-CH 3-SSOP"
"BD5291FVE-GTR","VSOF5","","","","","","M1954","","","","BD5291FVE-GTR","","","","","","","","","","","","Rohm Semiconductor","BD5291FVE-GTR","","","","","","","","","","","","","","","","","","","","","","","","","","","","","","","","","","ES","","","","0176-1479-3","","","","","","","","","","","","","","","","","","U?","BD5291FVE-GTR  Input/Output Full Swing  Low Input Offset Voltage  Operational Amplifier"
"BD8306MUV-E2","VQFN016V3030","","","","","","D1095","","","","=Value","","","","","","","","","","","","Rohm Semiconductor","BD8306MUV-E2","","","","","","","","","","","","","","","","","","","","","","","","","","","","","","","","","","","","","","","","","","","","","","","","","","","","BD8306MUV-E2","","","*","U?","BD8306MUV-E2 Buck-Boost Converter 1.8V to 5.5V integrated 2.0A"
"BD9C601EFJ","HTSOP-J8","","","","","","","","","","BD9C601EFJ","","","","","","","","","","","","","","","","","","","","","","","","","","","","","","","","","","","","","","","","","","","","","","","","","","","","","","","","","","","","","","","","","","","","*","U?",""
"BD9D321EFJ","HTSOP-J8","","","","","","D1094","","","","=Value","","","","","","","","","","","","Rohm Semiconductor","BD9D321EFJ-E2","","","","","","","","","","","","","","","","","","","","","","","","","","","","","","","","","","","","","","","","","","","","","","","","","","","","BD9D321EFJ-E2","","","*","U?","IC BD9D321EFJ-E2 Buck Converter 0.765-7V 3A HTSOP-J8"
"BD9G341AEFJ","HTSOP-J8","","","","","","M2139","","","","=Value","","","","","","","","","","","","Rohm Semiconductor","BD9G341AEFJ-E2","","","","","","","","","","","","","","","","","","","","","","","","","","","","","","","","","","","","","","","","","","","","","","","","","","","","BD9G341AEFJ-E2","","","*","U?","IC BD9G341AEFJ-E2 REGULATOR 12-76V 3A"
"BD9G500EFJ","HTSOP-J8","","","","","","M2159","","","","=Value","","","","","","","","","","","","Rohm Semiconductor","BD9G500EFJ-LAE2","","","","","","","","","","","","","","","","","","","","","","","","","","","","","","","","","","","","","","","","","","","","","","","","","","","","BD9G500EFJ-LAE2","","","","U?","IC BD9G500EFJ-LAE2 REGULATOR 12-76V 5A"
"BG96","BG96","","","","","","","","","","BG96","","","","","","","","","","","","","","","","","","","","","","","","","","*","*","","","","","","","","","","","","","","","","","","","","","","","","","","","","","","","","","","","","","","*","","","","U?","BG96 IoT NB/Cat.M1 RF Module  Quectel"
"BLUEPILL_stm32","BLUEPILL_STM32","","","","","","N2111","","","","BLUEPILL","","","","","","","","","","","","","","","","","","","","","","","","","","","","","","","","","","","","","","","","","","","","","","","","","","","","","","","","","","","","","","","","","","","","*","U?","Arduino STM32F103C8T6 ARM STM32 with Bootloader"
"BM70BLES1FC2","BM70BLES1","","","","","","N2414","","","","BM70BLE","","","","","","","","","","","","","","","","","","","","","","","","","","","","","","","","","","","","","","","","","","","","","","","","","","","","","","","","","","","","","","","","","","","","*","U?","BM70BLES1FC2  Bluetooth 5 (BLE) Module Integrated Ant 1.9-3.6Vrate"
"BQ24210","10-WSON_2x3","","","","","","M1972","","","","=Value","","","","","","","","","","","","","","","","","","","","","","","","","","","","","","","","","","","","","","","","","","","","","","","","","","","","","","","","","","","","","","","","","BQ24210","","","*","U?","bq24210 800-mA, Single-Input, Single-Cell Li-Ion Battery Solar Charger"
"BU33SD5WG","SOT-23-5","","","","","","M2160","","","","=Value","","","","","","","","","","","","Rohm Semiconductor","BU33SD5WG-TR","","","","","","","","","","","","","","","","","","","","","","","","","","","","","","","","","","","","","","","","","","","","","","","","","","","","BU33SD5WG-TR","","","*","U?","CMOS LDO Regulators 1Ch 3.3V/500mA Accuracy ?2%, for Portable Equipment"
"Brd_BME280","BRD_BME280_PL850","","","","","","","","","","Brd_BME280","","","","","","","","","","","","","","","","","","","","","","","","","","","","","","","","","","","","","","","","","","","","","","","","","","","","","","","","","","","","","","","","","","","","*","U?","Module BME280"
"Brd_GY9250","BRD_GY9250","","","","","","","","","","Brd_GY9250","","","","","","","","","","","","","","","","","","","","","","","","","","","","","","","","","","","","","","","","","","","","","","","","","","","","","","","","","","","","","","","","","","","","*","U?","Module GY9250"
"CASTELLPIN","CASTELLPIN","","","","","","","CASTELLPIN","","","=TEXT","","","","","","","","","","","","","","","","","","","","","","","","","","","","","","","","","","","","","","","","","","","","","","","","","","","","","","","","","","","","","","","","","","","","*","CTP?","Edge Castellation PCB pin"
"CH340G_[C14267]","SOIC-16_150mil","","","","","","","","","","CH340G","","","","","","","","","","","","","","","","","","","SOIC-16_150mil","","","","","","","","","","","","","","","","","","","","","","","","","","","LC","","","","","","","","","C14267","","","","","","","","","","","","","*","U?","USB"
"CP2102-GMR_[C6568]","QFN-28_5x5x05P","","","","","","","","","","CP2102-GMR","","","","","","","","","","","","","","","","","","","QFN-28_5x5x05P","","","","","","","","","","","","","","","","","","","","","","","","","","","LC","","","","","","","","","C6568","","","","","","","","","","","","","*","U?","USB"
"CP2104-F03-GM_[C47742]","QFN-24_4x4x05P","","","","","","","","","","CP2104-F03-GM","","","","","","","","","","","","","","","","","","","QFN-24_4x4x05P","","","","","","","","","","","","","","","","","","","","","","","","","","","LC","","","","","","","","","C47742","","","","","","","","","","","","","*","U?","USB"
"DALC208","SOT23-6","","","","","","M1349","","","","=Value","","","","","","","","","","","","STMicroelectronics","DALC208SC6","","","","","","","","","","","","","","","","","","","","","","","","","","","","","","","","","","","","","","","","","","","","","","","","","","","","DALC208SC6","","","*","U?","Diode DALC208SC6 Diode suppresssor 9V SOT23-6"
"ELS61","ELS61","","","","","","","","","","=Value","","","","","","","","","","","","","","","","","","","","","","","","","","","","","","","","","","","","","","","","","","","","","","","","","","","","","","","","","","","","","","","","","ELS61","","","*","U?",""
"ESIM","MFF2-eSIM","","","","","","","","","","ESIM","","","","","","","","","","","","","","","","","","","","","","","","","","","","","","","","","","","","","","","","","","","","","","","","","","","","","","","","","","","","","","","","","","","","","P?","MFF2 5x6 mm eSIM QFN-8"
"ESP32_DEVKIT","ESP32_DEV_KIT","","","","","","","","","","=Value","","","","","","","","","","","","","","","","","","","","","","","","","","","","","","","","","","","","","","","","","","","","","","","","","","","","","","","","","","","","","","","","","ESP32_DEVKIT_V1","","","*","U?",""
"ESP32_WROOM_32U","ESP32","","","","","","N2700","","","","ESP32-WROOM-32U","","","","","","","","","","","","","ESP32-WROOM-32D","","","","","","","","","","","","","","","","","","","","","","","","","","ESP32-WROOM-32D (ES:1082-0002-1)","","","","","","","ES:1082-0005-7","","","","","","","","","","","","","","","","","","131.80 THB","","","","","U?","Espressif Systems ESP32-WROOM-32U Module"
"FIDU31","FIDUCIAL_13","","","","","","","","","","*","","","","","","","","","","","","","","","","","","","","","","","","","","","","","","","","","","","","","","","","","","","","","","","","","","","","","","","","","","","","","","","","","","","","*","FD?",""
"FIL_SAW400","SAW3X3","","","","","","","","","","*","","","","","","","","","","","","","","","","","","","","","","","","","","","","","","","","","","","","","","","","","","","","","","","","","","","","","","","","","","","","","","","","","","","","*","U?",""
"FT231XQ-R","QFN20","","","","","","D0963","","","","FT231XQ-R","","","","","","","","","","","","","","","","","","","","","","","","","","","","","","","","","","","","","","","","","","","","","","","","","","","","","","","","","","","","","","","","","","","","*","U?","IC FT231XQ-R USB to Serial UART Interface w/ Dull Modem CTRL"
"FT234XD","DFN12_3x3","","","","","","","","","","FT234XD","","","","","","","","","","","","","","","","","","","","","","","","","","","","","","","","","","","","","","","","","","","","","","","","","","","","","","","","","","","","","","","","","","","","","U2","M1728 IC FT234XD-R USB to Serial UART 12DFN"
"GPS_ANT25","GPS_ANT25BACK","","","","","","","","","","GPS_ANT","","","","","","","","","","","","","","","","","","","","","","","","","","","","","","","","","","","","","","","","","","","","","","","","","","","","","","","","","","","","","","","","","","","","*","U?","GNSS active antenna 25x25 mm"
"Gain_block1","SOT-89-MB3_M","","","","","","","","","","*","","","","","","","","","","","","","","","","","","","","","","","","","","","","","","","","","","","","","","","","","","","","","","","","","","","","","","","","","","","","","","","","","","","","*","U?",""
"ICL7660","SOIC127P600X175-8N","","","","","","M2075","","","","=Value","","","","","","","","","","","","","ICL7660CSA+-ND","","","","","","","","","","","","","","","","","","","","","","","","","","","","","","","","","","","","","","","","","","","","","","","","","","","","ICL7660CSA+","","","*","U?","IC ICL7660CSA+ Regulator Charge Pump INV 20mA 8-SO"
"L7805CD2T","D2PAK","","","","","","M0693","","","","=Value","","","","","","","","","","","","","","","","","","","","","","","","","","","","","","","","","","","","","","","","","","","","","","","","","","","","","","","","","","","","","","","","","L7805CD2T-TR","","","","U3","IC 7805 Regulator 5V D2PAK"
"LARA-R2","SARA_LARA","","","","","","","","","","=Value","","","","","","","","","","","","","","","","","","","","","","","","","","","","","","","","","","","","","","","","","","","","","","","","","","","","","","","","","","","","","","","","","LARA-R2","","","*","U?","LARA MODULE UBLOX"
"LDL212PVR","DFN6_2x2","","","","","","M1927","","","","LDL212PVR","","","","","","","","","","","","","","","","","","","","","","","","","","","","","","","","","","","","","","","","","","","","","","","","","","","","","","","","","","","","","","","","","","","","*","U?","IC LDL212PVR Regulator LIN 1.18V 1.2A 6-WFDFN"
"LF353D","SOIC-8_150mil","","","","","","M2071","","SOIC127P600-8","","=Value","","","","Aug-1994","","","","","13-Apr-2006","IPC-7351 Footprint Added.","","","","","","","","","","8-Pin Small Outline Integrated Circuit 1.27 mm Pitch","D008","","Jan-1998","","","","","","","","","","16-Jan-2001","Altium Limited","","","","","","","","","","","","","","","","","","","","","","","","","","","","","","","LF353DR","","","","U?","IC LF353DR J-FET OP-AMP 2 Circuit 8-SOIC"
"LM1117MPX-3.3","SOT223-3","","","","","","M2121","","","","LM1117MPX-3.3","","","","","","","","","","","","","","","","","","","","","","","","","","","","","","","","","","","","","","","","","","","","","","","","","","","","","","","","","","","","","","","","","","","","","U?","IC LM1117MPX-3.3/NOPB Reg LDO 3.3V 800mA SOT-223"
"LMV431ACM5/NOPB","SOT235","MF05A_L","MF05A_M","","","","","","","","LMV431ACM5/NOPB","","","","May-2005","","","","","","","","","LMV431ACM5/NOPB","","","","","","","Molded SOT-23, .115 x .063 x .040 in Body, 5 Lead, .0375 in Pitch","MF05A","N09A*XTT","revD, Aug-2008","","","","","5","","N","","","1-Mar-2010","Altium Limited","","","","","","Y","","","","","","","Digi-Key","Digi-Key","Digi-Key","ES","LMV431ACM5/NOPBTR-ND","LMV431ACM5/NOPBCT-ND","LMV431ACM5/NOPBDKR-ND","0086-0744-1","","","","","","","","","","","","","","","U?","Low-Voltage (1.24V) Adjustable Precision Shunt Regulators, 5-pin SOT-23, Pb-Free"
"LPC11U68JBD100","LQFP100_N","","","","","","M1948","","","","LPC11U68JBD100","","","","","","","","","","","","","","","","","","","","","","","","","","","","","","","","","","","","","","","","","","","","","","","","","","","","","","","","","","","","","","","","","","","","*","U?","IC LPC11U68JBD100 MCU 32bit ARM 256KB Flash USB 100pins LQFP-100"
"LPC11U68JBD48","LQFP-48_N","","","","","","","","","","LPC11U68JBD48","","","","","","","","","","","","","","","","","","","","","","","","","","","","","","","","","","","","","","","","","","","","","","","","","","","","","","","","","","","","","","","","","","","","*","U?","LPC11U68JBD48  Cortex-M0+  NXP MCU"
"LPC1768FBD100","NXP-SOT407-1_V","","","","","","M1200","","","","=Value","","","","Rev. 9.6 , 08/2015","","","","","","","","NXP USA Inc.","LPC1768FBD100K","","","","","","","100-Pin Plastic Low Profile Quad Flat Package, Body 14 x 14 mm","SOT407-1","","","Tray","","","","","4","","","","","","No","","Unknown","","","","true","","","","","","","","","","","","","","","","","","","","","","","","LPC1768FBD100","","18.8 mm","","U?","32-Bit ARM Cortex-M3 Microcontroller, Ethernet, USB 2.0 Host / Device / OTG, CAN, 512 KB Flash, 64 KB SRAM, -40 to 85 degC, 100-Pin LQFP (SOT407-1), RoHS, Tray"
"LPC1768MBED_MODULE","LPC_mini","","","","","","","","","","LPC1768MBED","","","","","","","","","","","","","","","","","","","","","","","","","","","","","","","","","","","","","","","","","","","","","","","","","","","","","","","","","","","","","","","","","","","","","U?","LPC1768 MBED MODULE"
"Linkit7688","Linkit7688Duo","","","","","","N2073","","","","Board Linkit7688","","","","","","","","","","","","","","","","","","","","","","","","","","","","","","","","","","","","","","","","","","","","","","","","","","","","","","","","","","","","","","","","","","","","*","U?","Linkit Smart 7688 (102110018) Controller"
"Linkit7688duo","Linkit7688Duo","","","","","","","","","","Board Linkit7688duo","","","","","","","","","","","","","","","","","","","","","","","","","","","","","","","","","","","","","","","","","","","","","","","","","","","","","","","","","","","","","","","","","","","","*","U?",""
"MAX-8Q","MAX-8Q","","","","","","N2035","","","","=Value","","","","","","","","","","","","","","","","","","","","","","","","","","","","","","","","","","","","","","","","","","","","","","","","","","","","","","","","","","","","","","","","","MAX-8Q","","","*","U?","GNSS Module, Model : MAX-8Q with GPS, Ublox"
"MAX3232CSE","SOIC16N_N","","","","","","M1363","","SOIC127P600-16","MS-012-AC","MAX3232CSE","","","","Mar-1999","","","","","13-Apr-2006","IPC-7351 Footprint Added.","","Analog Devices Inc","MAX3232CSE+T","","","","","","","16-Pin Small Outline Integrated Circuit 1.27 mm Pitch","NSO16","","","","","","","","","","","","16-Jan-2001","Altium Limited","","","","","","","","","","","","","","","","","","","","","","","","","","","","","","","","","","","U2","3.0V TO 5.5V, Low-Power, up to 1Mbps, True RS-232 Transceiver Using Four 0.1µF External Capacitor"
"MCP121T","SOT23_N_2","","","","","","","","","","=Value","","","","","","","","","","","","","","","","","","","","","","","","","","","","","","","","","","","","","","","","","","","","","","","","","","","","","","","","","","","","","","","","","MCP121T-300E/LB","","","*","U?","MCP121T-300E/LB Micropower Voltage Supervisor 2.93V,Active LOW"
"MCP16251","SOT23-6","","","","","","","","","","MCP16251","","","","","","","","","","","","","","","","","","","","","","","","","","","","","","","","","","","","","","","","","","","","","","","","","","","","","","","","","","","","","","","","","","","","*","U?","Low Quiescent Current, PFM/PWM Synchronous Boost Regulator sot23-6"
"MCP23017T-E/SO","SOIC-SO28_N","","","","","","M1934","","","MS-013","MCP23017T-E/SO","","","","revB, Feb-2007","","","","","","","","","","","","","","","","28-Lead Plastic Small Outline (SO) - Wide 7.50mm Body [SOIC]","SOIC-SO28","","revBB, Aug-2009","","","","","","","","","","","Altium Limited","","","","","","","","","","","","","Digi-Key","Newark","","","MCP23017T-E/SO-ND","31K2962","","","","","","","","","","","","","","","","","U?","16-Bit I/O Expander with Serial Interface, 28-Pin SOIC, Extended Temperature, Tape and Reel"
"MCP73831T-2ACI/OT","SOT235","","","","","","","","SOT23-5","","MCP73831T-2ACI/OT","","","","revE, Sep-2008","","","","","27-Nov-2009","Updated to datasheet revision E, Sep-2008","","","","","","","","","","5-Lead Plastic Small Outline Transistor (OT) [SOT-23]","SOT-23-OT5","","revBB, Aug-2009","","","","","","","","","","29-Jan-2009","Altium Limited","","","","","","","","","","","","","Digi-Key","Digi-Key","Digi-Key","Farnell","MCP73831T-2ACI/OTTR-ND","MCP73831T-2ACI/OTCT-ND","MCP73831T-2ACI/OTDKR-ND","1332158","","","","","","","","","","","","","","","U?","Miniature Single-Cell, Fully Integrated Li-Ion, Li-Polymer Charge Management Controller, 4.2V, 5-Pin SOT-23, Industrial Temperature, Tape and Reel"
"MCP73833T","MSOP10","","","","","","","","","","=Value","","","","","","","","","","","","","","","","","","","","","","","","","","","","","","","","","","","","","","","","","","","","","","","","","","","","","","","","","","","","","","","","","MCP73833T-AMI/UN","","","*","U?","MCP73833T Stand-Alone Linear Li-Ion / Li-Po Charge
Management Controller"
"MK22FN512VLH12","LQFP64","","","","","","M2051","","","","K22F","","","","","","","","","","","","","","","","","","","","","","","","","","","","","","","","","","","","","","","","","","","","","","","","","","","","","","","","","","","","","","","","","","","","*","U?","IC MK22FN512VLH12 MCU 32-Bit 512KB Flash 64LQFP ARM Cortec-M4"
"MK22FN512VLH12X","LQFP64_WFID","","","","","","M2051","","","","=Value","","","","","","","","","","","","","","","","","","","","","","","","","","","","","","","","","","","","","","","","","","","","","","","","","","","","","","","","","","","","","","","","","MK22FN512VLH12","","","","U?","IC MK22FN512VLH12 MCU 32-Bit 512KB Flash 64LQFP ARM Cortec-M4"
"MTH_M3","PTH_M3","","","","","","","","","","MTH_M3","","","","","","","","","","","","","","","","","","","","","","","","","","","","","","","","","","","","","","","","","","","","","","","","","","","","","","","","","","","","","","","","","","","","*","MTH?","Mounting Hole M3 diameter 3.2mm"
"MX25R1635FM2IH1","SOIC-8_208mil","","","","","","M1945","","","","MX25R1635FM2IH1","","","","","","","","","","","","Macronix","MX25R1635FM2IL0","","","","","","","","","","","","","","","","","","","","","","","","","","","","","","","","","","","","","","","","","","","","","","","","","","","","","","","*","U?","NOR-Flash Macronix MX25R1635FM2IH1"
"Modem_ICS","Modem1_ICS","","","","","","","","","","Modem_ICS","","","","","","","","","","","","","","","","","","","","","","","","","","","","","","","","","","","","","","","","","","","","","","","","","","","","","","","","","","","","","","","","","","","","","U?",""
"NTC_10K","NTC1X2","","","","","","","","","","Thermister_10k","","","","","","","","","17-Jul-2002","Re-released for DXP Platform.","","","","","","","","","","","","","","","","","","","","","","","","Altium Limited","","","","","","","","","","","","","","","","","","","","","","","","","","","","","","","","","","","NT?","NTC 10K , 2-Pin"
"PCA9306","TSSOP8","","","","","","M1920","","","","PCA9306","","","","","","","","","","","","","","","","","","","","","","","","","","","","","","","","","","","","","","","","","","","","","","","","","","","","","","","","","","","","","","","","","","","","*","U?","IC VOLT-LVL TRANSL PCA9306DTR2G Translator TSSOP-8"
"RPOT_25T_104","3296W","","","","","","*","","","","=Value","","","","","","","","","17-Jul-2002","Re-released for DXP Platform.","","","","","","","","","","","VR5","","","","","","","","","","","","8-Jun-2000","Altium Limited","","","","","","","","0.5","Enter the Resistance value and the set point into parameter fields.","","","","","","","","","","","","","","","","","","","","","","100K/25T","","","","R?","Potentiometer 100 kOhm 25T Top Adj."
"RPOT_25T_202","3296W","","","","","","M1330","","","","=Value","","","","","","","","","17-Jul-2002","Re-released for DXP Platform.","","","","","","","","","","","VR5","","","","","","","","","","","","8-Jun-2000","Altium Limited","","","","","","","","0.5","Enter the Resistance value and the set point into parameter fields.","","","","","","","","","","","","","","","","","","","","","","2K/25T","","","","R?","Potentiometer 2 kOhm 25T Top Adj."
"SARA-R4","SARA - LPAD","","","","","","N2034","","","","=Value","","","","","","","","","","","","","","","","","","","","","","","","","","","","","","","","","","","","","","","","","","","","","","","","","","","","","","","","","","","","","","","","","SARA-R410M","","","*","U?","LTE NB-IoT Module, Model : SARA-R410M Cat.M1, Ublox"
"SARA-U2","SARA - LPAD","","","","","","N2036","","","","=Value","","","","","","","","","","","","","","","","","","","","","","","","","","","","","","","","","","","","","","","","","","","","","","","","","","","","","","","","","","","","","","","","","SARA-U201","","","*","U?","HSPA/GSM Module, Model : SARA-U201 for Global coverage, Ublox"
"SIM39EA","","","","","","","","","","","SIM39EA","","","","","","","","","","","","","","","","","","","","","","","","","","","","","","","","","","","","","","","","","","","","","","","","","","","","","","","","","","","","","","","","","","","","*","U?",""
"SIM7600E-H","SIM7600E_H","","","","","","N2573","","","","SIM7600E-H1C","","","","","","","","","","","Simcom","","","","","SIM7600E-H","","","None","","","","","","","","","","","","","None","","","","","","","","","","","","https://www.snapeda.com/parts/SIM7600E-H/SIMcom%20Wireless%20solutions%20Co.%2CLtd/view-part/2758290/?ref=snap","","","","","","","","","","","","","","","","","","","","","*","","","*","U?","4G LTE Module, Model : SIM7600E-H1C, SIMCOM"
"SN74AVC2T245","10-UQFN","","","","","","","","","","SN74AVC2T245","","","","","","","","","","","","","","","","","","","","","","","","","","","","","","","","","","","","","","","","","","","","","","","","","","","","","","","","","","","","","","","","","","","","*","U?","SN74AVC2T245  Dual-Bit  Dual-Supply  Bus Transceiver  with Configurable  Level-Shifting  /  Voltage  Translation  and Tri-State  Outputs"
"SN74LVC1G3157DBVR","SOT23-6","","","","","","M2090","","","","SN74LVC1G3157DBVR","","","","","","","","","","","","","","","","","","","","","","","","","","","","","","","","","","","","","","","","","","","","","","","","","","","","","","","","","","","","","","","","","","","","*","U?","IC SN74LVC1G3157DBVR Analog Switch SPDT 340 MHz 1.65V to 5.5V"
"SN74LVC2GU04DBVR","SOT23-6","","","","","","","","","","SN74LVC2GU04DBVR","","","","","","","","","","","","","","","","","","","","","","","","","","","","","","","","","","","","","","","","","","","","","","","","","","","","","","","","","","","","","","","","","","","","*","U?","SN74LVC2GU04DBVR  sot-23-6"
"SN75176BDR","SOIC127P600X175-8N","","","","","","M2010","","SOIC127P600-8","","SN75176BDR","","","","May-1990","","","","","13-Apr-2006","IPC-7351 Footprint Added.","","","","","","","","","","8-Pin Small Outline Integrated Circuit 1.27 mm Pitch","D008","","Jan-1998","","","","","","","","","","15-May-2002","Altium Limited","","","","","","","","","","","","","","","","","","","","","","","","","","","","","","","","","","","U?","SN75176 Differential Bus TransceiverRS-485/RS-422"
"SQ_SEN_390","SQ_SEN_XXX","","","","","","N2240","","","","SQ_SEN_390","","","","","","","","","","","","","","","","","","","","","","","","","","","","","","","","","","","","","","","","","","","","","","","","","","","","","","","","","","","","","","","","","","","","*","TS?","Sensor SQ-SEN-390 On/Off Tilt sensor"
"SQ_SEN_XXX","SQ_SEN_XXX","","","","","","","","","","SQ_SEN_XXX","","","","","","","","","","","","","","","","","","","","","","","","","","","","","","","","","","","","","","","","","","","","","","","","","","","","","","","","","","","","","","","","","","","","*","TS?","Tilt Detect Switch SQ-SEN-XXX"
"STM32F072RBT6","LQFP64_WFID","","","","+85°C","-40°C","","","","","STM32F072RBT6","","","https://www.st.com/resource/en/datasheet/stm32f072rb.pdf","","","IC MCU 32BIT 128KB FLASH 64LQFP","497-14644-ND","","","","STMicroelectronics","","","LQFP64-5W","","","STM32F072RBT6","","STMICROELECTRONICS_STM32F072RBT6_0","","","","","","","","","","","","U","","","","","16KBytes","","","","Yes","","","","","0.05mm","","","","","","","","","","","","","STMICROELECTRONICS_STM32F072RBT6_0_0","STMICROELECTRONICS_STM32F072RBT6_0_1","+105°C","-40°C","","","","","0.0.0.3","","*","U?",""
"STM32F401RET6","LQFP64-10x10mm","LQFP64_WFID","","","","","*","","","","=Value","","","","","","","","","","","","","","","STMicroelectronics","","","","","","","","","","","","","","","","","","","","","","","RefDes","","","","","","","","","","","","","","","","","","","","","","","","","Type","","STM32F401RET6","","","*","U?","IC MCU STM32F401RET6"
"STM32F407VET6","LQFP-100_14x14x05P","","","","","","","","","","STM32F407VET6","?????","http://www.szlcsc.com/product/details_29482.html","","","","","","","","","","","","","","","","","LQFP-100_14x14x05P","","","","","","","","","","","","","","","","","","","","","","","","","","","LC","","","","","","","","","C28730","","","","","","","","","","","","","*","U?","ARM"
"STM32F429ZIT6","LQFP144_L","LQFP144_M","LQFP144_N","LQFP144_V","","","","","","","STM32F429ZIT6","","","","Rev. 2","","","","","","","","","STM32F429ZIT6","","","","","","","144-Pin Low Profile Quad Flat Package, 20 x 20 mm Body, 0.5 mm Pitch","LQFP144","","Rev. 4, 06/2013","","Tray","","","","","","","","","","","","","","","","","","","","","","","","","","","","","","","3.6","1.8","","","","","","","","","","","","U?","ARM Cortex-M4 32-bit MCU+FPU, 225 DMIPS, 2048 kB Flash, 256 kB Internal RAM, 114 I/Os, 144-pin LQFP, -40 to 85 degC, Tray"
"SW DIP-4","DIPSW_SMD4P","","","","","","","","SOIC127P600-8","MS-012-AA","SW DIP-4","","","","","","","","","29-May-2009","IPC-7351 Footprint Added.","","","","","","","","","","8-Pin Small Outline Integrated Circuit 1.27 mm Pitch","SO8","","Dec-2002","","","","","","","","","","24-Mar-1999","Altium Limited","","","","","","","","","","","","","","","","","","","","","","","","","","","","","","","","","","","S1","DIP Switch, 4 Position, SPST"
"SW-SPST","TACTILE-OMRON/WE","","","","","","M1406","","","","SW-SPST","","","","","","","","","17-Jul-2002","Re-released for DXP Platform.","","","","","","","","","","Switch; 2 Leads","SPST-2","","","","","","","","","","","","24-Mar-1999","Altium Limited","","","","","","","","","","","","","","","","","","","","","","","","","","","","","","","","","","","S?","Single-Pole, Single-Throw Switch"
"SW-SPST_4P","TACT_THSW","","","","","","M1406","","","","SW-SPST","","","","","","","","","17-Jul-2002","Re-released for DXP Platform.","","","","","","","","","","Switch; 2 Leads","SPST-2","","","","","","","","","","","","24-Mar-1999","Altium Limited","","","","","","","","","","","","","","","","","","","","","","","","","","","","","","","","","","","S?","Single-Pole, Single-Throw Switch"
"TESTPOINT","TestPoint","","","","","","","TESTPOINT","","","=TEXT","","","","","","","","","","","","","","","","","","","","","","","","","","","","","","","","","","","","","","","","","","","","","","","","","","","","","","","","","","","","","","","","","","","","*","TP?","Testpoint open pad 1mm diameter round"
"TILT_SEN_PCB","TILT_SEN_PCB","","","","","","","","","","TILT_SEN_PCB","","","","","","","","","","","","","","","","","","","","","","","","","","","","","","","","","","","","","","","","","","","","","","","","","","","","","","","","","","","","","","","","","","","","*","TS?",""
"TL084D","SOIC-14_150mil","","","","","","","","SOIC127P600-14","","TL084D","","","","Feb-1999","","","","","13-Apr-2006","IPC-7351 Footprint Added.","","","","","","","","","","14-Pin Small Outline Integrated Circuit 1.27 mm Pitch","D014","","Jan-1998","","","","","","","","","","16-Jan-2001","Altium Limited","","","","","","","","","","","","","","","","","","","","","","","","","","","","","","","","","","","U?","JFET-Input Operational Amplifier"
"TPL5010","SOT23-6","","","","","","M1968","","","","TPL5010","","","","","","","","","","","","Texas Instruments","TPL5010QDDCRQ1","","","","","","","","","","","","","","","","","","","","","","","","","","","","","","","","","","","","","","","","","","","","","","","","","","","","","","","*","U?","IC TPL5010QDDCRQ1 Programmable timer W/Watchdog SOT-23-6"
"TPL511X","SOT23-6","","","","","","","","","","TPL511X","","","","","","","","","","","","","","","","","","","","","","","","","","","","","","","","","","","","","","","","","","","","","","","","","","","","","","","","","","","","","","","","","","","","*","U?","TPL511x  ic Timer and one shot programmable timeout"
"TPS4H000AQP","20-HTSSOP","","","","","","","","","","TPS4H000AQPWPRQ1","","","","","","","","","","","","","","","","","","","","","","","","","","","","","","","","","","","","","","","","","","","","","","","","","","","","","","","","","","","","","","","","","","","","*","U?","TPS4H000AQPWPRQ1  40-V, 1000-mO Quad-Channel Smart High-Side Switch"
"TPS4H160AQPWPRQ1","28-HTSSOP","","","","","","","","","","TPS4H160AQ","","","","","","","","","","","","","","","","","","","","","","","","","","","","","","","","","","","","","","","","","","","","","","","","","","","","","","","","","","","","","","","","","","","","*","U?",""
"TPS63060DSCR","S-PWSON-N10","","","","","","M1922","","","","TPS63060","","","","","296-30204-1-ND","","","","","","","","","","","","","","","","","","","","","","","","","","","","","","","","","","","","","","","","","","","","","","","","","","","","","","","","","","","","","","","*","U?","TPS63060  High Input Voltage,  Buck-Boost  Converter  With 2-A Switch  Current"
"TXB0102","VSSOP-8","","","","","","M1905","","","","=Value","","","","","","","","","","","","","","","","","","","","","","","","","","","","","","","","","","","","","","","","","","","","","","","","","","","","","","","","","","","","","","","","","TXB0102DCUR","","","*","U?","IC VOLT-LVL TRANSL BI-DIR US8 Translator 100Mbps(TXB0102DCUR)"
"TXB0104","PVQFN-14","","","","","","","","","","TXB0104","","","","","","","","","","","","","","","","","","","","","","","","","","","","","","","","","","","","","","","","","","","","","","","","","","","","","","","","","","","","","","","","","","","","*","U?","TXB0104 Level Translator"
"TXB0108PWR","TSSOP20","","","","","","M1405","","","","=Value","","","","","","","","","","","","","","","","","","","","","","","","","","","","","","","","","","","","","","","","","","","","","","","","","","","","","","","","","","","","","","","","","TXB0108PWR","","","*","U?","IC TXB0108PWR 8 bits Logic Translator TSSOP-20"
"TXS0104E","TSSOP14","","","","","","M2024","","","","=Value","","","","","","","","","","","","Texas Instruments","TXS0104EPWR","","","","","","","","","","","","","","","","","","","","","","","","","","","","","","","","","","","","","","","","","","","","","","","","","","","","TXS0104EPWR","","","*","U?","TXS0104E 4-Bit Bidirectional Voltage-Level Translator for Open-Drain and Push-Pull
Applications"
"TXS0108EPWR","TSSOP20","","","","","","M2005","","","","=Value","","","","","","","","","","","","","","","","","","","","","","","","","","","","","","","","","","","","","","","","","","","","","","","","","","","","","","","","","","","","","","","","","TXS0108EPWR","","","*","U?","IC TXS0108EPWR 8 bits Logic Translator TSSOP-20"
"W25Q16JVSSIQ","SOIC-8_208mil","","","","","","D1143","","","","W25Q16JVSSIQ","","","","","","","","","","","","Winbond Electronics","W25Q16JVSSIQ","","","","","","","","","","","","","","","","","","","","","","","","","","","","","","","","","","","","","","","","","","","","","","","","","","","","","","","*","U?","NOR-SPI Flash Winbond W25Q16JVSSIQ Power Supply 2.7V to 3.6V"
"ZED_F9P","UBlox_ZED","","","","","","","","","","ZED_F9P","","","","","","","","","","","","","","","","","","","","","","","","","","","","","","","","","","","","","","","","","","","","","","","","","","","","","","","","","","","","","","","","","","","","","U?",""
"brd_11u68-100P","BRD_11u68-100p","","","","","","","","","","BRD11U68_100p","","","","","","","","","","","","","","","","","","","","","","","","","","","","","","","","","","","","","","","","","","","","","","","","","","","","","","","","","","","","","","","","","","","","*","U?",""
